[{"studyId":"6687f32ac2db9efff4d31c66","cognitiveTaskId":"668ed63c16e2fa2c407452da","userId":"668f0537c7c70cfc82e8c1ef","activityId":"2376e04c-a417-4b44-b8dc-d5dea9dcd8e3","activityVersion":"0.8.12 (38470c49)","submissionSessionId":"a0983373-1a88-427c-8c3d-454ee1ff6bdd","triggerId":"668ed87e16e2fa2c4074677b","triggerTimestamp":"1720710719391","deviceOs":"android","deviceVersion":"34","appVersion":"4.2.0","deviceId":"668f0538d9adbf0ad48e5704","activityName":"Grid Memory","timeZoneMinutes":-300,"sessionId":"aabe7964-45dc-4545-9210-e0f8de2cf1fe","date":"07/11/2024","time":"10:13:10","timestamp":1720710790522,"data":[{"activity_begin_iso8601_timestamp":"2024-07-11T15:12:53.383Z","trial_begin_iso8601_timestamp":"2024-07-11T15:12:55.852Z","trial_end_iso8601_timestamp":"2024-07-11T15:13:10.186Z","trial_index":0,"response_time_duration_ms":1793.4000000003725,"presented_cells":[{"row":1,"column":2},{"row":4,"column":1},{"row":0,"column":0}],"selected_cells":[{"row":4,"column":2},{"row":2,"column":0},{"row":2,"column":4}],"user_dot_actions":[{"elapsed_duration_ms":696,"action_type":"placed","cell":{"row":4,"column":2,"tap_x":39.27779134114583,"tap_y":32.801595052083336}},{"elapsed_duration_ms":854.1000000014901,"action_type":"placed","cell":{"row":2,"column":0,"tap_x":51.46825154622396,"tap_y":16.801595052083336}},{"elapsed_duration_ms":982.8000000007451,"action_type":"placed","cell":{"row":2,"column":4,"tap_x":31.658732096354168,"tap_y":57.56351725260417}},{"elapsed_duration_ms":1793.4000000003725,"action_type":"done","cell":null}],"user_interference_actions":[{"elapsed_duration_ms":975.5,"action_type":"on-target","cell":{"row":5,"column":1,"tap_x":31.087331136067707,"tap_y":33.08736165364583}},{"elapsed_duration_ms":2119.800000000745,"action_type":"on-target","cell":{"row":5,"column":3,"tap_x":51.277811686197914,"tap_y":30.801595052083332}},{"elapsed_duration_ms":2372.5,"action_type":"on-target","cell":{"row":5,"column":4,"tap_x":28.23016357421875,"tap_y":35.7540283203125}},{"elapsed_duration_ms":3831.7000000011176,"action_type":"on-target","cell":{"row":2,"column":4,"tap_x":49.18255615234375,"tap_y":52.70635986328125}},{"elapsed_duration_ms":4254.800000000745,"action_type":"on-target","cell":{"row":0,"column":3,"tap_x":41.373026529947914,"tap_y":43.9444580078125}},{"elapsed_duration_ms":5651.5999999996275,"action_type":"on-target","cell":{"row":6,"column":0,"tap_x":12.611114501953125,"tap_y":14.9920654296875}},{"elapsed_duration_ms":6357.700000001118,"action_type":"on-target","cell":{"row":4,"column":3,"tap_x":29.182535807291668,"tap_y":35.9444580078125}},{"elapsed_duration_ms":7206.4000000003725,"action_type":"on-target","cell":{"row":3,"column":2,"tap_x":48.03969319661458,"tap_y":21.658732096354168}},{"elapsed_duration_ms":7602.200000001118,"action_type":"on-target","cell":{"row":4,"column":2,"tap_x":36.9920654296875,"tap_y":22.611124674479168}},{"elapsed_duration_ms":8266.200000001118,"action_type":"on-target","cell":{"row":7,"column":4,"tap_x":36.23016357421875,"tap_y":10.611124674479168}}],"number_of_correct_dots":0,"quit_button_pressed":false},{"activity_begin_iso8601_timestamp":"2024-07-11T15:12:53.383Z","trial_begin_iso8601_timestamp":"2024-07-11T15:13:10.193Z","trial_end_iso8601_timestamp":"2024-07-11T15:13:24.447Z","trial_index":1,"response_time_duration_ms":1706,"presented_cells":[{"row":3,"column":2},{"row":1,"column":4},{"row":2,"column":1}],"selected_cells":[{"row":4,"column":2},{"row":1,"column":1},{"row":2,"column":4}],"user_dot_actions":[{"elapsed_duration_ms":707.0999999996275,"action_type":"placed","cell":{"row":4,"column":2,"tap_x":22.896830240885414,"tap_y":3.46826171875}},{"elapsed_duration_ms":804.0999999996275,"action_type":"placed","cell":{"row":1,"column":1,"tap_x":18.896830240885418,"tap_y":3.277791341145833}},{"elapsed_duration_ms":928.7000000011176,"action_type":"placed","cell":{"row":2,"column":4,"tap_x":4.23016357421875,"tap_y":42.70633951822917}},{"elapsed_duration_ms":1706,"action_type":"done","cell":null}],"user_interference_actions":[{"elapsed_duration_ms":1208.0999999996275,"action_type":"on-target","cell":{"row":7,"column":4,"tap_x":33.563496907552086,"tap_y":31.9444580078125}},{"elapsed_duration_ms":2207.199999999255,"action_type":"on-target","cell":{"row":5,"column":1,"tap_x":15.087331136067707,"tap_y":36.515869140625}},{"elapsed_duration_ms":2414.699999999255,"action_type":"on-target","cell":{"row":5,"column":2,"tap_x":33.9444580078125,"tap_y":29.277791341145832}},{"elapsed_duration_ms":3164.9000000003725,"action_type":"on-target","cell":{"row":0,"column":3,"tap_x":47.84920247395833,"tap_y":27.563496907552082}},{"elapsed_duration_ms":5283.5999999996275,"action_type":"on-target","cell":{"row":6,"column":2,"tap_x":28.23016357421875,"tap_y":18.801595052083332}},{"elapsed_duration_ms":6380.800000000745,"action_type":"on-target","cell":{"row":7,"column":2,"tap_x":37.373026529947914,"tap_y":35.753987630208336}},{"elapsed_duration_ms":6610.199999999255,"action_type":"on-target","cell":{"row":7,"column":0,"tap_x":16.801589965820312,"tap_y":41.46826171875}},{"elapsed_duration_ms":6820.300000000745,"action_type":"on-target","cell":{"row":7,"column":1,"tap_x":4.420664469401041,"tap_y":29.277791341145832}},{"elapsed_duration_ms":7249.9000000003725,"action_type":"on-target","cell":{"row":6,"column":0,"tap_x":31.658732096354168,"tap_y":15.373006184895832}},{"elapsed_duration_ms":8183.800000000745,"action_type":"on-target","cell":{"row":1,"column":3,"tap_x":45.944478352864586,"tap_y":36.515889485677086}}],"number_of_correct_dots":0,"quit_button_pressed":false},{"activity_begin_iso8601_timestamp":"2024-07-11T15:12:53.383Z","trial_begin_iso8601_timestamp":"2024-07-11T15:13:24.451Z","trial_end_iso8601_timestamp":"2024-07-11T15:13:38.361Z","trial_index":2,"response_time_duration_ms":1363.5,"presented_cells":[{"row":0,"column":2},{"row":3,"column":3},{"row":2,"column":2}],"selected_cells":[{"row":4,"column":3},{"row":1,"column":0},{"row":2,"column":4}],"user_dot_actions":[{"elapsed_duration_ms":668.6999999992549,"action_type":"placed","cell":{"row":4,"column":3,"tap_x":4.039693196614583,"tap_y":15.277791341145834}},{"elapsed_duration_ms":764.7999999988824,"action_type":"placed","cell":{"row":1,"column":0,"tap_x":48.420654296875,"tap_y":24.9920654296875}},{"elapsed_duration_ms":938.7999999988824,"action_type":"placed","cell":{"row":2,"column":4,"tap_x":19.849202473958336,"tap_y":46.515869140625}},{"elapsed_duration_ms":1363.5,"action_type":"done","cell":null}],"user_interference_actions":[{"elapsed_duration_ms":1616.5999999996275,"action_type":"on-target","cell":{"row":0,"column":2,"tap_x":45.37302652994792,"tap_y":41.658732096354164}},{"elapsed_duration_ms":2023.9000000003725,"action_type":"on-target","cell":{"row":1,"column":2,"tap_x":30.515869140625,"tap_y":34.61112467447917}},{"elapsed_duration_ms":3073.0999999996275,"action_type":"on-target","cell":{"row":5,"column":3,"tap_x":49.373026529947914,"tap_y":54.801595052083336}},{"elapsed_duration_ms":3491.800000000745,"action_type":"on-target","cell":{"row":6,"column":0,"tap_x":14.896825154622396,"tap_y":14.230183919270834}},{"elapsed_duration_ms":3851.800000000745,"action_type":"on-target","cell":{"row":5,"column":4,"tap_x":36.9920654296875,"tap_y":34.61112467447917}},{"elapsed_duration_ms":5111.5999999996275,"action_type":"on-target","cell":{"row":0,"column":0,"tap_x":43.087300618489586,"tap_y":35.56349690755208}},{"elapsed_duration_ms":5547.300000000745,"action_type":"on-target","cell":{"row":2,"column":2,"tap_x":40.039693196614586,"tap_y":31.373026529947918}},{"elapsed_duration_ms":6262.9000000003725,"action_type":"off-target","cell":{"row":4,"column":1,"tap_x":22.325419108072918,"tap_y":30.230183919270832}},{"elapsed_duration_ms":6734.0999999996275,"action_type":"on-target","cell":{"row":4,"column":2,"tap_x":32.039693196614586,"tap_y":20.706339518229164}},{"elapsed_duration_ms":7121.4000000003725,"action_type":"on-target","cell":{"row":5,"column":4,"tap_x":36.23016357421875,"tap_y":24.325398763020832}}],"number_of_correct_dots":0,"quit_button_pressed":false},{"activity_begin_iso8601_timestamp":"2024-07-11T15:12:53.383Z","trial_begin_iso8601_timestamp":"2024-07-11T15:13:38.369Z","trial_end_iso8601_timestamp":"2024-07-11T15:13:55.286Z","trial_index":3,"response_time_duration_ms":4364.699999999255,"presented_cells":[{"row":1,"column":2},{"row":2,"column":0},{"row":3,"column":3}],"selected_cells":[{"row":3,"column":3},{"row":1,"column":1},{"row":2,"column":4}],"user_dot_actions":[{"elapsed_duration_ms":3748.89999999851,"action_type":"placed","cell":{"row":3,"column":3,"tap_x":11.277791341145832,"tap_y":49.7540283203125}},{"elapsed_duration_ms":3924.39999999851,"action_type":"placed","cell":{"row":1,"column":1,"tap_x":1.373016357421875,"tap_y":26.896830240885418}},{"elapsed_duration_ms":4028.7999999988824,"action_type":"placed","cell":{"row":2,"column":4,"tap_x":29.373026529947914,"tap_y":41.563517252604164}},{"elapsed_duration_ms":4364.699999999255,"action_type":"done","cell":null}],"user_interference_actions":[{"elapsed_duration_ms":915.5,"action_type":"on-target","cell":{"row":6,"column":1,"tap_x":21.18254597981771,"tap_y":22.230183919270832}},{"elapsed_duration_ms":1658.199999999255,"action_type":"on-target","cell":{"row":5,"column":3,"tap_x":7.087300618489584,"tap_y":26.230183919270832}},{"elapsed_duration_ms":2131.699999999255,"action_type":"on-target","cell":{"row":3,"column":0,"tap_x":27.468256632486977,"tap_y":12.134928385416668}},{"elapsed_duration_ms":2420.199999999255,"action_type":"on-target","cell":{"row":2,"column":0,"tap_x":14.896825154622396,"tap_y":14.23016357421875}},{"elapsed_duration_ms":2711.7999999988824,"action_type":"on-target","cell":{"row":1,"column":0,"tap_x":24.420633951822918,"tap_y":14.039713541666666}},{"elapsed_duration_ms":3789.7999999988824,"action_type":"on-target","cell":{"row":5,"column":2,"tap_x":31.277791341145832,"tap_y":41.849202473958336}}],"number_of_correct_dots":1,"quit_button_pressed":false}]},{"studyId":"6687f32ac2db9efff4d31c66","cognitiveTaskId":"668ed63c16e2fa2c407452da","userId":"668f0537c7c70cfc82e8c1ef","activityId":"6005e9e1-db2f-4662-9942-a5ff02ff0bd7","activityVersion":"0.8.12 (38470c49)","submissionSessionId":"7a695355-4740-40ea-972d-d1b0379264dd","triggerId":"668c418850f86a98b069ba82","triggerTimestamp":"1720710936506","deviceOs":"android","deviceVersion":"34","appVersion":"4.2.0","deviceId":"668f0538d9adbf0ad48e5704","activityName":"Grid Memory","timeZoneMinutes":-300,"sessionId":"0e72ef88-84ac-4331-9d3f-63ea596a7ffe","date":"07/11/2024","time":"10:16:29","timestamp":1720710989183,"data":[{"activity_begin_iso8601_timestamp":"2024-07-11T15:16:11.946Z","trial_begin_iso8601_timestamp":"2024-07-11T15:16:14.364Z","trial_end_iso8601_timestamp":"2024-07-11T15:16:28.884Z","trial_index":0,"response_time_duration_ms":1970.7000000011176,"presented_cells":[{"row":0,"column":1},{"row":0,"column":2},{"row":3,"column":3}],"selected_cells":[{"row":3,"column":1},{"row":1,"column":3},{"row":4,"column":3}],"user_dot_actions":[{"elapsed_duration_ms":656.6000000014901,"action_type":"placed","cell":{"row":3,"column":1,"tap_x":37.56349690755208,"tap_y":35.277791341145836}},{"elapsed_duration_ms":867.6000000014901,"action_type":"placed","cell":{"row":1,"column":3,"tap_x":39.087300618489586,"tap_y":46.32539876302083}},{"elapsed_duration_ms":1532.7000000011176,"action_type":"placed","cell":{"row":4,"column":3,"tap_x":44.039693196614586,"tap_y":12.611124674479166}},{"elapsed_duration_ms":1970.7000000011176,"action_type":"done","cell":null}],"user_interference_actions":[{"elapsed_duration_ms":1732.8999999985099,"action_type":"on-target","cell":{"row":5,"column":1,"tap_x":26.896830240885418,"tap_y":35.373046875}},{"elapsed_duration_ms":1985,"action_type":"on-target","cell":{"row":4,"column":1,"tap_x":22.325419108072918,"tap_y":26.801595052083336}},{"elapsed_duration_ms":2803.699999999255,"action_type":"on-target","cell":{"row":7,"column":2,"tap_x":49.56349690755208,"tap_y":23.182535807291668}},{"elapsed_duration_ms":3347,"action_type":"on-target","cell":{"row":4,"column":2,"tap_x":29.75396728515625,"tap_y":30.9920654296875}},{"elapsed_duration_ms":4766,"action_type":"on-target","cell":{"row":0,"column":3,"tap_x":45.182535807291664,"tap_y":29.849202473958332}},{"elapsed_duration_ms":6120.39999999851,"action_type":"on-target","cell":{"row":0,"column":1,"tap_x":36.80159505208333,"tap_y":28.706380208333336}},{"elapsed_duration_ms":7005.5,"action_type":"on-target","cell":{"row":4,"column":2,"tap_x":29.373026529947914,"tap_y":26.420694986979168}},{"elapsed_duration_ms":7447.199999999255,"action_type":"on-target","cell":{"row":4,"column":0,"tap_x":26.325398763020836,"tap_y":32.134928385416664}},{"elapsed_duration_ms":8004.5999999996275,"action_type":"on-target","cell":{"row":7,"column":2,"tap_x":29.75396728515625,"tap_y":28.134928385416664}}],"number_of_correct_dots":0,"quit_button_pressed":false},{"activity_begin_iso8601_timestamp":"2024-07-11T15:16:11.946Z","trial_begin_iso8601_timestamp":"2024-07-11T15:16:28.893Z","trial_end_iso8601_timestamp":"2024-07-11T15:16:43.518Z","trial_index":1,"response_time_duration_ms":2082.300000000745,"presented_cells":[{"row":0,"column":1},{"row":4,"column":2},{"row":4,"column":4}],"selected_cells":[{"row":3,"column":1},{"row":4,"column":3},{"row":1,"column":3}],"user_dot_actions":[{"elapsed_duration_ms":648.4000000003725,"action_type":"placed","cell":{"row":3,"column":1,"tap_x":12.420664469401043,"tap_y":7.849202473958334}},{"elapsed_duration_ms":1096.4000000003725,"action_type":"placed","cell":{"row":4,"column":3,"tap_x":27.277791341145836,"tap_y":11.46826171875}},{"elapsed_duration_ms":1483.699999999255,"action_type":"placed","cell":{"row":1,"column":3,"tap_x":45.182535807291664,"tap_y":53.18253580729167}},{"elapsed_duration_ms":2082.300000000745,"action_type":"done","cell":null}],"user_interference_actions":[{"elapsed_duration_ms":949.1999999992549,"action_type":"on-target","cell":{"row":3,"column":3,"tap_x":23.087300618489582,"tap_y":22.801595052083332}},{"elapsed_duration_ms":1432.699999999255,"action_type":"on-target","cell":{"row":5,"column":0,"tap_x":24.420633951822918,"tap_y":11.373046875}},{"elapsed_duration_ms":1866.3999999985099,"action_type":"on-target","cell":{"row":7,"column":1,"tap_x":25.753997802734375,"tap_y":38.420654296875}},{"elapsed_duration_ms":2446.199999999255,"action_type":"on-target","cell":{"row":4,"column":2,"tap_x":41.563496907552086,"tap_y":32.8968505859375}},{"elapsed_duration_ms":3067.2999999988824,"action_type":"on-target","cell":{"row":2,"column":1,"tap_x":26.515879313151043,"tap_y":18.420633951822918}},{"elapsed_duration_ms":4122.0999999996275,"action_type":"on-target","cell":{"row":3,"column":1,"tap_x":21.18254597981771,"tap_y":35.7540283203125}},{"elapsed_duration_ms":4590,"action_type":"on-target","cell":{"row":5,"column":1,"tap_x":23.468251546223957,"tap_y":23.9444580078125}},{"elapsed_duration_ms":5061.5,"action_type":"on-target","cell":{"row":6,"column":1,"tap_x":20.42066446940104,"tap_y":38.23018391927083}},{"elapsed_duration_ms":5728.89999999851,"action_type":"on-target","cell":{"row":4,"column":3,"tap_x":26.896830240885418,"tap_y":34.420694986979164}},{"elapsed_duration_ms":6240.89999999851,"action_type":"on-target","cell":{"row":5,"column":4,"tap_x":44.61114501953125,"tap_y":16.706380208333332}},{"elapsed_duration_ms":7464.89999999851,"action_type":"on-target","cell":{"row":3,"column":3,"tap_x":32.23016357421875,"tap_y":17.849202473958332}},{"elapsed_duration_ms":7890.299999998882,"action_type":"on-target","cell":{"row":3,"column":4,"tap_x":24.801656087239582,"tap_y":22.801595052083332}}],"number_of_correct_dots":0,"quit_button_pressed":false},{"activity_begin_iso8601_timestamp":"2024-07-11T15:16:11.946Z","trial_begin_iso8601_timestamp":"2024-07-11T15:16:43.522Z","trial_end_iso8601_timestamp":"2024-07-11T15:16:57.735Z","trial_index":2,"response_time_duration_ms":1666.5999999996275,"presented_cells":[{"row":2,"column":1},{"row":4,"column":0},{"row":1,"column":2}],"selected_cells":[{"row":2,"column":0},{"row":0,"column":3},{"row":4,"column":3}],"user_dot_actions":[{"elapsed_duration_ms":667.5,"action_type":"placed","cell":{"row":2,"column":0,"tap_x":48.03968302408854,"tap_y":9.563517252604166}},{"elapsed_duration_ms":875.7999999988824,"action_type":"placed","cell":{"row":0,"column":3,"tap_x":5.9444580078125,"tap_y":27.087300618489582}},{"elapsed_duration_ms":1141.0999999996275,"action_type":"placed","cell":{"row":4,"column":3,"tap_x":2.1349283854166665,"tap_y":27.849202473958332}},{"elapsed_duration_ms":1666.5999999996275,"action_type":"done","cell":null}],"user_interference_actions":[{"elapsed_duration_ms":1065.699999999255,"action_type":"on-target","cell":{"row":3,"column":4,"tap_x":34.325398763020836,"tap_y":23.563517252604168}},{"elapsed_duration_ms":1656.2999999988824,"action_type":"on-target","cell":{"row":2,"column":0,"tap_x":24.039683024088543,"tap_y":26.420633951822918}},{"elapsed_duration_ms":2348.699999999255,"action_type":"on-target","cell":{"row":7,"column":3,"tap_x":27.658732096354164,"tap_y":27.373046875}},{"elapsed_duration_ms":2871,"action_type":"on-target","cell":{"row":2,"column":4,"tap_x":35.08730061848958,"tap_y":18.039693196614582}},{"elapsed_duration_ms":3312.5999999996275,"action_type":"on-target","cell":{"row":7,"column":4,"tap_x":31.277811686197914,"tap_y":26.230183919270832}},{"elapsed_duration_ms":4591.199999999255,"action_type":"on-target","cell":{"row":0,"column":4,"tap_x":32.80165608723958,"tap_y":31.75396728515625}},{"elapsed_duration_ms":5131.4000000003725,"action_type":"on-target","cell":{"row":1,"column":3,"tap_x":38.32539876302083,"tap_y":25.849222819010418}},{"elapsed_duration_ms":5845.5999999996275,"action_type":"on-target","cell":{"row":7,"column":4,"tap_x":33.563496907552086,"tap_y":29.277791341145832}},{"elapsed_duration_ms":6514.5,"action_type":"on-target","cell":{"row":5,"column":1,"tap_x":2.8968302408854165,"tap_y":15.182535807291668}},{"elapsed_duration_ms":7549.699999999255,"action_type":"on-target","cell":{"row":2,"column":4,"tap_x":37.373026529947914,"tap_y":24.515869140625}}],"number_of_correct_dots":0,"quit_button_pressed":false},{"activity_begin_iso8601_timestamp":"2024-07-11T15:16:11.946Z","trial_begin_iso8601_timestamp":"2024-07-11T15:16:57.738Z","trial_end_iso8601_timestamp":"2024-07-11T15:17:11.854Z","trial_index":3,"response_time_duration_ms":1570.0999999996275,"presented_cells":[{"row":3,"column":4},{"row":2,"column":4},{"row":2,"column":3}],"selected_cells":[{"row":3,"column":0},{"row":0,"column":3},{"row":3,"column":3}],"user_dot_actions":[{"elapsed_duration_ms":662.4000000003725,"action_type":"placed","cell":{"row":3,"column":0,"tap_x":58.32541910807292,"tap_y":4.420694986979167}},{"elapsed_duration_ms":879,"action_type":"placed","cell":{"row":0,"column":3,"tap_x":29.182535807291668,"tap_y":45.75396728515625}},{"elapsed_duration_ms":1107.7000000011176,"action_type":"placed","cell":{"row":3,"column":3,"tap_x":6.325398763020833,"tap_y":55.46826171875}},{"elapsed_duration_ms":1570.0999999996275,"action_type":"done","cell":null}],"user_interference_actions":[{"elapsed_duration_ms":918.9000000003725,"action_type":"on-target","cell":{"row":4,"column":0,"tap_x":42.325398763020836,"tap_y":7.754028320312501}},{"elapsed_duration_ms":1670.800000000745,"action_type":"on-target","cell":{"row":6,"column":3,"tap_x":28.039693196614582,"tap_y":29.849202473958332}},{"elapsed_duration_ms":1935.4000000003725,"action_type":"on-target","cell":{"row":6,"column":4,"tap_x":55.27783203125,"tap_y":18.0396728515625}},{"elapsed_duration_ms":2355.4000000003725,"action_type":"on-target","cell":{"row":7,"column":4,"tap_x":36.23016357421875,"tap_y":27.373046875}},{"elapsed_duration_ms":2943.199999999255,"action_type":"on-target","cell":{"row":3,"column":3,"tap_x":40.61114501953125,"tap_y":21.277791341145836}},{"elapsed_duration_ms":4095.4000000003725,"action_type":"on-target","cell":{"row":0,"column":0,"tap_x":20.611114501953125,"tap_y":29.087300618489582}},{"elapsed_duration_ms":4550.300000000745,"action_type":"on-target","cell":{"row":0,"column":4,"tap_x":44.23016357421875,"tap_y":22.611124674479168}},{"elapsed_duration_ms":4965.800000000745,"action_type":"on-target","cell":{"row":2,"column":2,"tap_x":37.75396728515625,"tap_y":16.896830240885414}},{"elapsed_duration_ms":5957.9000000003725,"action_type":"on-target","cell":{"row":7,"column":4,"tap_x":26.70635986328125,"tap_y":18.611124674479164}},{"elapsed_duration_ms":7378.800000000745,"action_type":"on-target","cell":{"row":7,"column":1,"tap_x":12.420664469401043,"tap_y":37.658732096354164}},{"elapsed_duration_ms":8500.199999999255,"action_type":"on-target","cell":{"row":0,"column":4,"tap_x":40.039693196614586,"tap_y":24.896830240885418}}],"number_of_correct_dots":0,"quit_button_pressed":false}]},{"studyId":"6687f32ac2db9efff4d31c66","cognitiveTaskId":"668ed63c16e2fa2c407452da","userId":"668f0537c7c70cfc82e8c1ef","activityId":"ab333f71-e352-4d5a-bf03-b124d2f85fcd","activityVersion":"0.8.12 (38470c49)","submissionSessionId":"763c8274-6b71-4ab6-a242-415e352277bd","triggerId":"668ed87e16e2fa2c4074677b","triggerTimestamp":"1720714892848","deviceOs":"android","deviceVersion":"34","appVersion":"4.2.0","deviceId":"668f0538d9adbf0ad48e5704","activityName":"Grid Memory","timeZoneMinutes":-300,"sessionId":"3526c476-9567-49f6-a759-2bff1b5af7de","date":"07/11/2024","time":"11:22:47","timestamp":1720714967314,"data":[{"activity_begin_iso8601_timestamp":"2024-07-11T16:22:23.599Z","trial_begin_iso8601_timestamp":"2024-07-11T16:22:32.884Z","trial_end_iso8601_timestamp":"2024-07-11T16:22:47.131Z","trial_index":0,"response_time_duration_ms":1706.699999999255,"presented_cells":[{"row":4,"column":0},{"row":2,"column":1},{"row":1,"column":0}],"selected_cells":[{"row":4,"column":3},{"row":2,"column":1},{"row":2,"column":4}],"user_dot_actions":[{"elapsed_duration_ms":706.3999999985099,"action_type":"placed","cell":{"row":4,"column":3,"tap_x":47.08730061848958,"tap_y":25.182535807291668}},{"elapsed_duration_ms":756,"action_type":"placed","cell":{"row":2,"column":1,"tap_x":5.563496907552083,"tap_y":16.420694986979168}},{"elapsed_duration_ms":997.3999999985099,"action_type":"placed","cell":{"row":2,"column":4,"tap_x":8.801656087239584,"tap_y":18.706339518229168}},{"elapsed_duration_ms":1706.699999999255,"action_type":"done","cell":null}],"user_interference_actions":[{"elapsed_duration_ms":1426,"action_type":"on-target","cell":{"row":5,"column":1,"tap_x":29.944447835286457,"tap_y":23.9444580078125}},{"elapsed_duration_ms":1784.800000000745,"action_type":"on-target","cell":{"row":4,"column":1,"tap_x":32.992085774739586,"tap_y":30.9920654296875}},{"elapsed_duration_ms":2120.699999999255,"action_type":"on-target","cell":{"row":7,"column":3,"tap_x":39.46828206380208,"tap_y":22.801595052083332}},{"elapsed_duration_ms":2973.60000000149,"action_type":"on-target","cell":{"row":1,"column":3,"tap_x":51.277811686197914,"tap_y":40.325398763020836}},{"elapsed_duration_ms":3781,"action_type":"on-target","cell":{"row":1,"column":1,"tap_x":32.23016357421875,"tap_y":31.18255615234375}},{"elapsed_duration_ms":5698.699999999255,"action_type":"on-target","cell":{"row":2,"column":0,"tap_x":33.18254089355469,"tap_y":21.46826171875}},{"elapsed_duration_ms":6111.60000000149,"action_type":"on-target","cell":{"row":1,"column":2,"tap_x":33.18253580729167,"tap_y":30.801595052083332}},{"elapsed_duration_ms":6541.699999999255,"action_type":"on-target","cell":{"row":1,"column":3,"tap_x":40.23016357421875,"tap_y":37.27779134114583}},{"elapsed_duration_ms":7040,"action_type":"on-target","cell":{"row":0,"column":2,"tap_x":33.9444580078125,"tap_y":42.801595052083336}},{"elapsed_duration_ms":7823.300000000745,"action_type":"on-target","cell":{"row":4,"column":4,"tap_x":48.03969319661458,"tap_y":46.61112467447917}}],"number_of_correct_dots":1,"quit_button_pressed":false},{"activity_begin_iso8601_timestamp":"2024-07-11T16:22:23.599Z","trial_begin_iso8601_timestamp":"2024-07-11T16:22:47.135Z","trial_end_iso8601_timestamp":"2024-07-11T16:23:01.354Z","trial_index":1,"response_time_duration_ms":1670.5999999977648,"presented_cells":[{"row":4,"column":2},{"row":1,"column":3},{"row":1,"column":2}],"selected_cells":[{"row":4,"column":3},{"row":2,"column":1},{"row":2,"column":3}],"user_dot_actions":[{"elapsed_duration_ms":680.1999999992549,"action_type":"placed","cell":{"row":4,"column":3,"tap_x":41.75396728515625,"tap_y":33.18253580729167}},{"elapsed_duration_ms":788.8000000007451,"action_type":"placed","cell":{"row":2,"column":1,"tap_x":13.944447835286459,"tap_y":20.611124674479168}},{"elapsed_duration_ms":965.0999999977648,"action_type":"placed","cell":{"row":2,"column":3,"tap_x":50.515869140625,"tap_y":45.37300618489583}},{"elapsed_duration_ms":1670.5999999977648,"action_type":"done","cell":null}],"user_interference_actions":[{"elapsed_duration_ms":1931.199999999255,"action_type":"on-target","cell":{"row":3,"column":2,"tap_x":26.70635986328125,"tap_y":33.08736165364583}},{"elapsed_duration_ms":3504.5,"action_type":"on-target","cell":{"row":7,"column":0,"tap_x":19.849207560221355,"tap_y":27.753987630208336}},{"elapsed_duration_ms":3791.199999999255,"action_type":"off-target","cell":{"row":7,"column":4,"tap_x":19.849202473958336,"tap_y":45.277791341145836}},{"elapsed_duration_ms":4214.199999999255,"action_type":"on-target","cell":{"row":5,"column":4,"tap_x":31.277811686197914,"tap_y":28.515869140625}},{"elapsed_duration_ms":4730.099999997765,"action_type":"on-target","cell":{"row":2,"column":4,"tap_x":41.563496907552086,"tap_y":27.182535807291664}},{"elapsed_duration_ms":5546.39999999851,"action_type":"off-target","cell":{"row":6,"column":0,"tap_x":41.18254597981771,"tap_y":2.8015950520833335}},{"elapsed_duration_ms":6790.199999999255,"action_type":"on-target","cell":{"row":5,"column":0,"tap_x":20.9920654296875,"tap_y":5.658732096354167}},{"elapsed_duration_ms":7745.599999997765,"action_type":"on-target","cell":{"row":2,"column":0,"tap_x":32.42063395182292,"tap_y":35.182535807291664}},{"elapsed_duration_ms":8070.599999997765,"action_type":"on-target","cell":{"row":2,"column":1,"tap_x":31.849212646484375,"tap_y":33.277791341145836}},{"elapsed_duration_ms":8446.300000000745,"action_type":"on-target","cell":{"row":2,"column":3,"tap_x":24.9920654296875,"tap_y":24.515869140625}}],"number_of_correct_dots":0,"quit_button_pressed":false},{"activity_begin_iso8601_timestamp":"2024-07-11T16:22:23.599Z","trial_begin_iso8601_timestamp":"2024-07-11T16:23:01.358Z","trial_end_iso8601_timestamp":"2024-07-11T16:23:17.808Z","trial_index":2,"response_time_duration_ms":3893.7999999970198,"presented_cells":[{"row":3,"column":0},{"row":4,"column":2},{"row":3,"column":2}],"selected_cells":[{"row":3,"column":2},{"row":2,"column":0},{"row":2,"column":4}],"user_dot_actions":[{"elapsed_duration_ms":1586.0999999977648,"action_type":"placed","cell":{"row":3,"column":2,"tap_x":9.944437662760416,"tap_y":11.658732096354168}},{"elapsed_duration_ms":2772.5,"action_type":"placed","cell":{"row":2,"column":0,"tap_x":42.325398763020836,"tap_y":19.087361653645832}},{"elapsed_duration_ms":3037.5,"action_type":"placed","cell":{"row":2,"column":4,"tap_x":7.277811686197916,"tap_y":31.277791341145832}},{"elapsed_duration_ms":3893.7999999970198,"action_type":"done","cell":null}],"user_interference_actions":[{"elapsed_duration_ms":1196.0999999977648,"action_type":"off-target","cell":{"row":1,"column":0,"tap_x":17.563491821289062,"tap_y":31.563496907552086}},{"elapsed_duration_ms":1620.199999999255,"action_type":"on-target","cell":{"row":0,"column":0,"tap_x":35.849212646484375,"tap_y":32.515869140625}},{"elapsed_duration_ms":1899.300000000745,"action_type":"on-target","cell":{"row":1,"column":1,"tap_x":18.51587931315104,"tap_y":52.134928385416664}},{"elapsed_duration_ms":2227.5,"action_type":"on-target","cell":{"row":1,"column":2,"tap_x":38.896830240885414,"tap_y":25.849222819010418}},{"elapsed_duration_ms":2495.699999999255,"action_type":"on-target","cell":{"row":0,"column":1,"tap_x":46.706349690755204,"tap_y":41.277791341145836}},{"elapsed_duration_ms":3920.5,"action_type":"on-target","cell":{"row":4,"column":1,"tap_x":39.849212646484375,"tap_y":21.087361653645832}},{"elapsed_duration_ms":5070.599999997765,"action_type":"on-target","cell":{"row":4,"column":0,"tap_x":24.039683024088543,"tap_y":19.9444580078125}},{"elapsed_duration_ms":5238.300000000745,"action_type":"on-target","cell":{"row":6,"column":2,"tap_x":33.9444580078125,"tap_y":33.65873209635417}},{"elapsed_duration_ms":5512.599999997765,"action_type":"on-target","cell":{"row":6,"column":0,"tap_x":31.658732096354168,"tap_y":34.0396728515625}},{"elapsed_duration_ms":6245.5,"action_type":"off-target","cell":{"row":0,"column":1,"tap_x":29.182545979817707,"tap_y":43.18253580729167}},{"elapsed_duration_ms":6680.599999997765,"action_type":"off-target","cell":{"row":4,"column":3,"tap_x":8.23016357421875,"tap_y":29.46826171875}},{"elapsed_duration_ms":7088.39999999851,"action_type":"off-target","cell":{"row":2,"column":3,"tap_x":54.70635986328125,"tap_y":39.373026529947914}},{"elapsed_duration_ms":7472.39999999851,"action_type":"off-target","cell":{"row":1,"column":2,"tap_x":52.611124674479164,"tap_y":6.801595052083334}},{"elapsed_duration_ms":7850.89999999851,"action_type":"off-target","cell":{"row":0,"column":1,"tap_x":2.5158793131510415,"tap_y":46.9920654296875}},{"elapsed_duration_ms":8320.599999997765,"action_type":"off-target","cell":{"row":3,"column":3,"tap_x":48.23016357421875,"tap_y":53.65873209635417}}],"number_of_correct_dots":1,"quit_button_pressed":false},{"activity_begin_iso8601_timestamp":"2024-07-11T16:22:23.599Z","trial_begin_iso8601_timestamp":"2024-07-11T16:23:17.816Z","trial_end_iso8601_timestamp":"2024-07-11T16:23:31.968Z","trial_index":3,"response_time_duration_ms":1599.6000000014901,"presented_cells":[{"row":3,"column":1},{"row":1,"column":1},{"row":0,"column":1}],"selected_cells":[{"row":3,"column":2},{"row":1,"column":1},{"row":1,"column":4}],"user_dot_actions":[{"elapsed_duration_ms":724.3000000007451,"action_type":"placed","cell":{"row":3,"column":2,"tap_x":49.9444580078125,"tap_y":54.706380208333336}},{"elapsed_duration_ms":855.6000000014901,"action_type":"placed","cell":{"row":1,"column":1,"tap_x":5.182545979817709,"tap_y":43.65873209635417}},{"elapsed_duration_ms":1063.8999999985099,"action_type":"placed","cell":{"row":1,"column":4,"tap_x":15.277811686197916,"tap_y":54.325398763020836}},{"elapsed_duration_ms":1599.6000000014901,"action_type":"done","cell":null}],"user_interference_actions":[{"elapsed_duration_ms":1586,"action_type":"on-target","cell":{"row":5,"column":3,"tap_x":18.134928385416664,"tap_y":28.134928385416664}},{"elapsed_duration_ms":1815.1000000014901,"action_type":"on-target","cell":{"row":5,"column":2,"tap_x":24.039693196614582,"tap_y":33.849202473958336}},{"elapsed_duration_ms":2420.699999999255,"action_type":"on-target","cell":{"row":7,"column":1,"tap_x":28.801584879557293,"tap_y":28.8968505859375}},{"elapsed_duration_ms":2914,"action_type":"on-target","cell":{"row":0,"column":2,"tap_x":34.325398763020836,"tap_y":25.658732096354168}},{"elapsed_duration_ms":3275.300000000745,"action_type":"on-target","cell":{"row":0,"column":4,"tap_x":40.039693196614586,"tap_y":51.9444580078125}},{"elapsed_duration_ms":4340.900000002235,"action_type":"on-target","cell":{"row":0,"column":1,"tap_x":29.182545979817707,"tap_y":11.563496907552084}},{"elapsed_duration_ms":4796.699999999255,"action_type":"on-target","cell":{"row":0,"column":3,"tap_x":25.75396728515625,"tap_y":49.658732096354164}},{"elapsed_duration_ms":5639.300000000745,"action_type":"on-target","cell":{"row":6,"column":3,"tap_x":51.277811686197914,"tap_y":5.849202473958333}},{"elapsed_duration_ms":5831.60000000149,"action_type":"on-target","cell":{"row":5,"column":2,"tap_x":51.849202473958336,"tap_y":26.230183919270832}},{"elapsed_duration_ms":6656.199999999255,"action_type":"on-target","cell":{"row":7,"column":3,"tap_x":46.70635986328125,"tap_y":19.753987630208332}},{"elapsed_duration_ms":8195.10000000149,"action_type":"on-target","cell":{"row":4,"column":0,"tap_x":35.468251546223954,"tap_y":23.373006184895832}},{"elapsed_duration_ms":8249.400000002235,"action_type":"on-target","cell":{"row":6,"column":2,"tap_x":40.420633951822914,"tap_y":31.373006184895836}}],"number_of_correct_dots":1,"quit_button_pressed":false}]}]