[{"studyId":"6687f32ac2db9efff4d31c66","cognitiveTaskId":"668ed6a116e2fa2c4074541c","userId":"668eaa8c596e9abfbecf30b8","activityId":"312db84b-72f8-4b07-9c91-84bbf8c90114","activityVersion":"0.8.12 (38470c49)","submissionSessionId":"22c12aa2-b61e-4d30-8348-3461f286c242","triggerId":"668ed87e16e2fa2c4074677b","triggerTimestamp":"1720637643961","deviceOs":"android","deviceVersion":"34","appVersion":"4.2.0","deviceId":"668eaa8d596e9abfbecf30c3","activityName":"Color Shapes","timeZoneMinutes":-300,"sessionId":"195129f0-4f9e-42e0-9fa7-cc7337399c27","date":"07/10/2024","time":"13:55:49","timestamp":1720637749147,"data":[{"activity_begin_iso8601_timestamp":"2024-07-10T18:55:43.060Z","trial_begin_iso8601_timestamp":"2024-07-10T18:55:45.442Z","trial_end_iso8601_timestamp":"2024-07-10T18:55:49.515Z","trial_index":0,"present_shapes":[{"shape_index":6,"color_name":"blue","rgba_color":[0,114,178,1],"location":{"row":2,"column":0}},{"shape_index":3,"color_name":"yellow","rgba_color":[240,228,66,1],"location":{"row":0,"column":1}},{"shape_index":7,"color_name":"orange","rgba_color":[213,94,0,1],"location":{"row":1,"column":1}}],"response_shapes":[{"shape_index":6,"color_name":"blue","rgba_color":[0,114,178,1],"location":{"row":1,"column":2}},{"shape_index":3,"color_name":"yellow","rgba_color":[240,228,66,1],"location":{"row":0,"column":1}},{"shape_index":7,"color_name":"orange","rgba_color":[213,94,0,1],"location":{"row":0,"column":0}}],"number_of_different_shapes":0,"response_time_duration_ms":555.2000000476837,"user_response":"same","user_response_correct":true,"quit_button_pressed":false},{"activity_begin_iso8601_timestamp":"2024-07-10T18:55:43.060Z","trial_begin_iso8601_timestamp":"2024-07-10T18:55:49.522Z","trial_end_iso8601_timestamp":"2024-07-10T18:55:53.704Z","trial_index":1,"present_shapes":[{"shape_index":6,"color_name":"pink","rgba_color":[204,121,167,1],"location":{"row":0,"column":0}},{"shape_index":5,"color_name":"orange","rgba_color":[213,94,0,1],"location":{"row":2,"column":2}},{"shape_index":4,"color_name":"green","rgba_color":[0,158,115,1],"location":{"row":2,"column":0}}],"response_shapes":[{"shape_index":6,"color_name":"pink","rgba_color":[204,121,167,1],"location":{"row":2,"column":1}},{"shape_index":5,"color_name":"orange","rgba_color":[0,158,115,1],"location":{"row":1,"column":1}},{"shape_index":4,"color_name":"green","rgba_color":[213,94,0,1],"location":{"row":1,"column":2}}],"number_of_different_shapes":2,"response_time_duration_ms":661.8999998569489,"user_response":"same","user_response_correct":false,"quit_button_pressed":false},{"activity_begin_iso8601_timestamp":"2024-07-10T18:55:43.060Z","trial_begin_iso8601_timestamp":"2024-07-10T18:55:53.709Z","trial_end_iso8601_timestamp":"2024-07-10T18:55:57.682Z","trial_index":2,"present_shapes":[{"shape_index":5,"color_name":"blue","rgba_color":[0,114,178,1],"location":{"row":0,"column":1}},{"shape_index":3,"color_name":"black","rgba_color":[0,0,0,1],"location":{"row":1,"column":0}},{"shape_index":1,"color_name":"pink","rgba_color":[204,121,167,1],"location":{"row":2,"column":1}}],"response_shapes":[{"shape_index":5,"color_name":"blue","rgba_color":[0,114,178,1],"location":{"row":2,"column":2}},{"shape_index":3,"color_name":"black","rgba_color":[0,0,0,1],"location":{"row":0,"column":1}},{"shape_index":1,"color_name":"pink","rgba_color":[204,121,167,1],"location":{"row":1,"column":1}}],"number_of_different_shapes":0,"response_time_duration_ms":440.2999999523163,"user_response":"same","user_response_correct":true,"quit_button_pressed":false},{"activity_begin_iso8601_timestamp":"2024-07-10T18:55:43.060Z","trial_begin_iso8601_timestamp":"2024-07-10T18:55:57.685Z","trial_end_iso8601_timestamp":"2024-07-10T18:56:01.600Z","trial_index":3,"present_shapes":[{"shape_index":0,"color_name":"blue","rgba_color":[0,114,178,1],"location":{"row":1,"column":0}},{"shape_index":6,"color_name":"yellow","rgba_color":[240,228,66,1],"location":{"row":2,"column":0}},{"shape_index":2,"color_name":"green","rgba_color":[0,158,115,1],"location":{"row":1,"column":2}}],"response_shapes":[{"shape_index":0,"color_name":"blue","rgba_color":[0,114,178,1],"location":{"row":1,"column":1}},{"shape_index":6,"color_name":"yellow","rgba_color":[0,158,115,1],"location":{"row":2,"column":2}},{"shape_index":2,"color_name":"green","rgba_color":[240,228,66,1],"location":{"row":2,"column":0}}],"number_of_different_shapes":2,"response_time_duration_ms":383.39999985694885,"user_response":"same","user_response_correct":false,"quit_button_pressed":false}]}]