[{"studyId":"6687f32ac2db9efff4d31c66","cognitiveTaskId":"668ed6a116e2fa2c4074541c","userId":"668f0537c7c70cfc82e8c1ef","activityId":"4b998c56-217d-454c-b2c1-8e680aa8e42f","activityVersion":"0.8.12 (38470c49)","submissionSessionId":"a0983373-1a88-427c-8c3d-454ee1ff6bdd","triggerId":"668ed87e16e2fa2c4074677b","triggerTimestamp":"1720710719391","deviceOs":"android","deviceVersion":"34","appVersion":"4.2.0","deviceId":"668f0538d9adbf0ad48e5704","activityName":"Color Shapes","timeZoneMinutes":-300,"sessionId":"1a9f0700-b62c-4914-9f60-a7a3eadcfca7","date":"07/11/2024","time":"10:14:59","timestamp":1720710899200,"data":[{"activity_begin_iso8601_timestamp":"2024-07-11T15:13:59.880Z","trial_begin_iso8601_timestamp":"2024-07-11T15:14:32.995Z","trial_end_iso8601_timestamp":"2024-07-11T15:14:58.879Z","trial_index":0,"present_shapes":[{"shape_index":3,"color_name":"black","rgba_color":[0,0,0,1],"location":{"row":0,"column":1}},{"shape_index":7,"color_name":"green","rgba_color":[0,158,115,1],"location":{"row":0,"column":2}},{"shape_index":0,"color_name":"orange","rgba_color":[213,94,0,1],"location":{"row":1,"column":2}}],"response_shapes":[{"shape_index":3,"color_name":"black","rgba_color":[0,158,115,1],"location":{"row":2,"column":1}},{"shape_index":7,"color_name":"green","rgba_color":[213,94,0,1],"location":{"row":2,"column":2}},{"shape_index":0,"color_name":"orange","rgba_color":[0,0,0,1],"location":{"row":1,"column":1}}],"number_of_different_shapes":3,"response_time_duration_ms":22362,"user_response":"different","user_response_correct":true,"quit_button_pressed":false},{"activity_begin_iso8601_timestamp":"2024-07-11T15:13:59.880Z","trial_begin_iso8601_timestamp":"2024-07-11T15:14:58.883Z","trial_end_iso8601_timestamp":"2024-07-11T15:15:03.502Z","trial_index":1,"present_shapes":[{"shape_index":0,"color_name":"orange","rgba_color":[213,94,0,1],"location":{"row":1,"column":2}},{"shape_index":7,"color_name":"green","rgba_color":[0,158,115,1],"location":{"row":2,"column":0}},{"shape_index":1,"color_name":"pink","rgba_color":[204,121,167,1],"location":{"row":1,"column":1}}],"response_shapes":[{"shape_index":0,"color_name":"orange","rgba_color":[213,94,0,1],"location":{"row":1,"column":0}},{"shape_index":7,"color_name":"green","rgba_color":[0,158,115,1],"location":{"row":2,"column":0}},{"shape_index":1,"color_name":"pink","rgba_color":[204,121,167,1],"location":{"row":2,"column":2}}],"number_of_different_shapes":0,"response_time_duration_ms":1097.699999999255,"user_response":"same","user_response_correct":true,"quit_button_pressed":false},{"activity_begin_iso8601_timestamp":"2024-07-11T15:13:59.880Z","trial_begin_iso8601_timestamp":"2024-07-11T15:15:03.505Z","trial_end_iso8601_timestamp":"2024-07-11T15:15:07.867Z","trial_index":2,"present_shapes":[{"shape_index":2,"color_name":"pink","rgba_color":[204,121,167,1],"location":{"row":1,"column":0}},{"shape_index":3,"color_name":"blue","rgba_color":[0,114,178,1],"location":{"row":0,"column":0}},{"shape_index":5,"color_name":"orange","rgba_color":[213,94,0,1],"location":{"row":1,"column":1}}],"response_shapes":[{"shape_index":2,"color_name":"pink","rgba_color":[213,94,0,1],"location":{"row":2,"column":2}},{"shape_index":3,"color_name":"blue","rgba_color":[0,114,178,1],"location":{"row":0,"column":0}},{"shape_index":5,"color_name":"orange","rgba_color":[204,121,167,1],"location":{"row":1,"column":2}}],"number_of_different_shapes":2,"response_time_duration_ms":829.0999999996275,"user_response":"same","user_response_correct":false,"quit_button_pressed":false},{"activity_begin_iso8601_timestamp":"2024-07-11T15:13:59.880Z","trial_begin_iso8601_timestamp":"2024-07-11T15:15:07.872Z","trial_end_iso8601_timestamp":"2024-07-11T15:15:12.642Z","trial_index":3,"present_shapes":[{"shape_index":2,"color_name":"orange","rgba_color":[213,94,0,1],"location":{"row":2,"column":1}},{"shape_index":1,"color_name":"black","rgba_color":[0,0,0,1],"location":{"row":0,"column":2}},{"shape_index":5,"color_name":"blue","rgba_color":[0,114,178,1],"location":{"row":0,"column":0}}],"response_shapes":[{"shape_index":2,"color_name":"orange","rgba_color":[213,94,0,1],"location":{"row":1,"column":0}},{"shape_index":1,"color_name":"black","rgba_color":[0,0,0,1],"location":{"row":0,"column":2}},{"shape_index":5,"color_name":"blue","rgba_color":[0,114,178,1],"location":{"row":1,"column":1}}],"number_of_different_shapes":0,"response_time_duration_ms":1247.5,"user_response":"same","user_response_correct":true,"quit_button_pressed":false}]},{"studyId":"6687f32ac2db9efff4d31c66","cognitiveTaskId":"668ed6a116e2fa2c4074541c","userId":"668f0537c7c70cfc82e8c1ef","activityId":"c239d8fc-7391-491a-9b39-580faa5e0fe8","activityVersion":"0.8.12 (38470c49)","submissionSessionId":"7a695355-4740-40ea-972d-d1b0379264dd","triggerId":"668c418850f86a98b069ba82","triggerTimestamp":"1720710936506","deviceOs":"android","deviceVersion":"34","appVersion":"4.2.0","deviceId":"668f0538d9adbf0ad48e5704","activityName":"Color Shapes","timeZoneMinutes":-300,"sessionId":"caa740ef-05fe-4fe6-bdf0-27872983d353","date":"07/11/2024","time":"10:17:26","timestamp":1720711046648,"data":[{"activity_begin_iso8601_timestamp":"2024-07-11T15:17:17.304Z","trial_begin_iso8601_timestamp":"2024-07-11T15:17:22.233Z","trial_end_iso8601_timestamp":"2024-07-11T15:17:26.347Z","trial_index":0,"present_shapes":[{"shape_index":4,"color_name":"yellow","rgba_color":[240,228,66,1],"location":{"row":0,"column":0}},{"shape_index":0,"color_name":"pink","rgba_color":[204,121,167,1],"location":{"row":2,"column":1}},{"shape_index":6,"color_name":"orange","rgba_color":[213,94,0,1],"location":{"row":1,"column":1}}],"response_shapes":[{"shape_index":4,"color_name":"yellow","rgba_color":[240,228,66,1],"location":{"row":0,"column":1}},{"shape_index":0,"color_name":"pink","rgba_color":[204,121,167,1],"location":{"row":2,"column":2}},{"shape_index":6,"color_name":"orange","rgba_color":[213,94,0,1],"location":{"row":2,"column":0}}],"number_of_different_shapes":0,"response_time_duration_ms":581.4000000003725,"user_response":"different","user_response_correct":false,"quit_button_pressed":false},{"activity_begin_iso8601_timestamp":"2024-07-11T15:17:17.304Z","trial_begin_iso8601_timestamp":"2024-07-11T15:17:26.352Z","trial_end_iso8601_timestamp":"2024-07-11T15:17:30.584Z","trial_index":1,"present_shapes":[{"shape_index":3,"color_name":"pink","rgba_color":[204,121,167,1],"location":{"row":2,"column":1}},{"shape_index":5,"color_name":"green","rgba_color":[0,158,115,1],"location":{"row":1,"column":1}},{"shape_index":0,"color_name":"blue","rgba_color":[0,114,178,1],"location":{"row":2,"column":2}}],"response_shapes":[{"shape_index":3,"color_name":"pink","rgba_color":[204,121,167,1],"location":{"row":0,"column":2}},{"shape_index":5,"color_name":"green","rgba_color":[0,158,115,1],"location":{"row":0,"column":1}},{"shape_index":0,"color_name":"blue","rgba_color":[0,114,178,1],"location":{"row":1,"column":1}}],"number_of_different_shapes":0,"response_time_duration_ms":702.5,"user_response":"same","user_response_correct":true,"quit_button_pressed":false},{"activity_begin_iso8601_timestamp":"2024-07-11T15:17:17.304Z","trial_begin_iso8601_timestamp":"2024-07-11T15:17:30.588Z","trial_end_iso8601_timestamp":"2024-07-11T15:17:35.253Z","trial_index":2,"present_shapes":[{"shape_index":7,"color_name":"yellow","rgba_color":[240,228,66,1],"location":{"row":1,"column":0}},{"shape_index":0,"color_name":"blue","rgba_color":[0,114,178,1],"location":{"row":2,"column":0}},{"shape_index":3,"color_name":"pink","rgba_color":[204,121,167,1],"location":{"row":0,"column":1}}],"response_shapes":[{"shape_index":7,"color_name":"yellow","rgba_color":[204,121,167,1],"location":{"row":1,"column":2}},{"shape_index":0,"color_name":"blue","rgba_color":[0,114,178,1],"location":{"row":2,"column":1}},{"shape_index":3,"color_name":"pink","rgba_color":[240,228,66,1],"location":{"row":2,"column":2}}],"number_of_different_shapes":2,"response_time_duration_ms":1146.699999999255,"user_response":"different","user_response_correct":true,"quit_button_pressed":false},{"activity_begin_iso8601_timestamp":"2024-07-11T15:17:17.304Z","trial_begin_iso8601_timestamp":"2024-07-11T15:17:35.259Z","trial_end_iso8601_timestamp":"2024-07-11T15:17:39.609Z","trial_index":3,"present_shapes":[{"shape_index":7,"color_name":"black","rgba_color":[0,0,0,1],"location":{"row":2,"column":2}},{"shape_index":1,"color_name":"yellow","rgba_color":[240,228,66,1],"location":{"row":1,"column":0}},{"shape_index":6,"color_name":"orange","rgba_color":[213,94,0,1],"location":{"row":1,"column":1}}],"response_shapes":[{"shape_index":7,"color_name":"black","rgba_color":[213,94,0,1],"location":{"row":1,"column":1}},{"shape_index":1,"color_name":"yellow","rgba_color":[240,228,66,1],"location":{"row":1,"column":0}},{"shape_index":6,"color_name":"orange","rgba_color":[0,0,0,1],"location":{"row":0,"column":2}}],"number_of_different_shapes":2,"response_time_duration_ms":828.7999999988824,"user_response":"different","user_response_correct":true,"quit_button_pressed":false}]},{"studyId":"6687f32ac2db9efff4d31c66","cognitiveTaskId":"668ed6a116e2fa2c4074541c","userId":"668f0537c7c70cfc82e8c1ef","activityId":"dc8f47b5-95c9-41c5-8f1e-9430435d16ff","activityVersion":"0.8.12 (38470c49)","submissionSessionId":"763c8274-6b71-4ab6-a242-415e352277bd","triggerId":"668ed87e16e2fa2c4074677b","triggerTimestamp":"1720714892848","deviceOs":"android","deviceVersion":"34","appVersion":"4.2.0","deviceId":"668f0538d9adbf0ad48e5704","activityName":"Color Shapes","timeZoneMinutes":-300,"sessionId":"f40c8483-d9c0-4567-8b72-2a96a54ef72c","date":"07/11/2024","time":"11:23:41","timestamp":1720715021090,"data":[{"activity_begin_iso8601_timestamp":"2024-07-11T16:23:34.517Z","trial_begin_iso8601_timestamp":"2024-07-11T16:23:36.744Z","trial_end_iso8601_timestamp":"2024-07-11T16:23:40.941Z","trial_index":0,"present_shapes":[{"shape_index":7,"color_name":"black","rgba_color":[0,0,0,1],"location":{"row":1,"column":0}},{"shape_index":0,"color_name":"orange","rgba_color":[213,94,0,1],"location":{"row":0,"column":0}},{"shape_index":6,"color_name":"blue","rgba_color":[0,114,178,1],"location":{"row":0,"column":2}}],"response_shapes":[{"shape_index":7,"color_name":"black","rgba_color":[213,94,0,1],"location":{"row":2,"column":0}},{"shape_index":0,"color_name":"orange","rgba_color":[0,114,178,1],"location":{"row":1,"column":2}},{"shape_index":6,"color_name":"blue","rgba_color":[0,0,0,1],"location":{"row":2,"column":1}}],"number_of_different_shapes":3,"response_time_duration_ms":672.6999999992549,"user_response":"different","user_response_correct":true,"quit_button_pressed":false},{"activity_begin_iso8601_timestamp":"2024-07-11T16:23:34.517Z","trial_begin_iso8601_timestamp":"2024-07-11T16:23:40.946Z","trial_end_iso8601_timestamp":"2024-07-11T16:23:44.769Z","trial_index":1,"present_shapes":[{"shape_index":3,"color_name":"green","rgba_color":[0,158,115,1],"location":{"row":0,"column":1}},{"shape_index":5,"color_name":"blue","rgba_color":[0,114,178,1],"location":{"row":1,"column":1}},{"shape_index":6,"color_name":"black","rgba_color":[0,0,0,1],"location":{"row":0,"column":2}}],"response_shapes":[{"shape_index":3,"color_name":"green","rgba_color":[0,158,115,1],"location":{"row":2,"column":1}},{"shape_index":5,"color_name":"blue","rgba_color":[0,114,178,1],"location":{"row":1,"column":2}},{"shape_index":6,"color_name":"black","rgba_color":[0,0,0,1],"location":{"row":0,"column":0}}],"number_of_different_shapes":0,"response_time_duration_ms":300.69999999925494,"user_response":"same","user_response_correct":true,"quit_button_pressed":false},{"activity_begin_iso8601_timestamp":"2024-07-11T16:23:34.517Z","trial_begin_iso8601_timestamp":"2024-07-11T16:23:44.773Z","trial_end_iso8601_timestamp":"2024-07-11T16:23:48.547Z","trial_index":2,"present_shapes":[{"shape_index":3,"color_name":"pink","rgba_color":[204,121,167,1],"location":{"row":0,"column":2}},{"shape_index":2,"color_name":"orange","rgba_color":[213,94,0,1],"location":{"row":2,"column":0}},{"shape_index":4,"color_name":"yellow","rgba_color":[240,228,66,1],"location":{"row":1,"column":2}}],"response_shapes":[{"shape_index":3,"color_name":"pink","rgba_color":[204,121,167,1],"location":{"row":0,"column":1}},{"shape_index":2,"color_name":"orange","rgba_color":[213,94,0,1],"location":{"row":1,"column":1}},{"shape_index":4,"color_name":"yellow","rgba_color":[240,228,66,1],"location":{"row":1,"column":0}}],"number_of_different_shapes":0,"response_time_duration_ms":246.59999999776483,"user_response":"different","user_response_correct":false,"quit_button_pressed":false},{"activity_begin_iso8601_timestamp":"2024-07-11T16:23:34.517Z","trial_begin_iso8601_timestamp":"2024-07-11T16:23:48.553Z","trial_end_iso8601_timestamp":"2024-07-11T16:23:52.392Z","trial_index":3,"present_shapes":[{"shape_index":5,"color_name":"orange","rgba_color":[213,94,0,1],"location":{"row":2,"column":2}},{"shape_index":2,"color_name":"black","rgba_color":[0,0,0,1],"location":{"row":0,"column":0}},{"shape_index":1,"color_name":"green","rgba_color":[0,158,115,1],"location":{"row":2,"column":0}}],"response_shapes":[{"shape_index":5,"color_name":"orange","rgba_color":[213,94,0,1],"location":{"row":0,"column":2}},{"shape_index":2,"color_name":"black","rgba_color":[0,158,115,1],"location":{"row":2,"column":2}},{"shape_index":1,"color_name":"green","rgba_color":[0,0,0,1],"location":{"row":2,"column":1}}],"number_of_different_shapes":2,"response_time_duration_ms":308.80000000074506,"user_response":"same","user_response_correct":false,"quit_button_pressed":false}]}]