[{"studyId":"6687f32ac2db9efff4d31c66","cognitiveTaskId":"66880801c2db9efff4d5e093","userId":"668f0537c7c70cfc82e8c1ef","activityId":"2a291604-af69-446e-b53e-3d2979993102","activityVersion":"0.8.12 (38470c49)","submissionSessionId":"7a695355-4740-40ea-972d-d1b0379264dd","triggerId":"668c418850f86a98b069ba82","triggerTimestamp":"1720710936506","deviceOs":"android","deviceVersion":"34","appVersion":"4.2.0","deviceId":"668f0538d9adbf0ad48e5704","activityName":"Symbol Search","timeZoneMinutes":-300,"sessionId":"46987500-964a-4c0a-a125-b1e73010683f","date":"07/11/2024","time":"10:16:03","timestamp":1720710963443,"data":[{"activity_begin_iso8601_timestamp":"2024-07-11T15:15:48.595Z","trial_begin_iso8601_timestamp":"2024-07-11T15:16:00.258Z","trial_end_iso8601_timestamp":"2024-07-11T15:16:03.022Z","trial_index":0,"trial_type":"normal","card_configuration":{"top_cards_symbols":[{"top":2,"bottom":11},{"top":17,"bottom":1},{"top":23,"bottom":8}],"bottom_cards_symbols":[{"top":4,"bottom":12},{"top":17,"bottom":1}]},"response_time_duration_ms":2762.9000000003725,"user_response_index":1,"correct_response_index":1,"quit_button_pressed":false},{"activity_begin_iso8601_timestamp":"2024-07-11T15:15:48.595Z","trial_begin_iso8601_timestamp":"2024-07-11T15:16:03.533Z","trial_end_iso8601_timestamp":"2024-07-11T15:16:03.739Z","trial_index":1,"trial_type":"lure","card_configuration":{"top_cards_symbols":[{"top":3,"bottom":23},{"top":20,"bottom":22},{"top":4,"bottom":9}],"bottom_cards_symbols":[{"top":4,"bottom":9},{"top":3,"bottom":17}]},"response_time_duration_ms":205.89999999850988,"user_response_index":0,"correct_response_index":0,"quit_button_pressed":false},{"activity_begin_iso8601_timestamp":"2024-07-11T15:15:48.595Z","trial_begin_iso8601_timestamp":"2024-07-11T15:16:04.250Z","trial_end_iso8601_timestamp":"2024-07-11T15:16:05.257Z","trial_index":2,"trial_type":"normal","card_configuration":{"top_cards_symbols":[{"top":18,"bottom":7},{"top":9,"bottom":15},{"top":5,"bottom":24}],"bottom_cards_symbols":[{"top":12,"bottom":3},{"top":18,"bottom":7}]},"response_time_duration_ms":1006.9000000003725,"user_response_index":1,"correct_response_index":1,"quit_button_pressed":false},{"activity_begin_iso8601_timestamp":"2024-07-11T15:15:48.595Z","trial_begin_iso8601_timestamp":"2024-07-11T15:16:05.766Z","trial_end_iso8601_timestamp":"2024-07-11T15:16:06.404Z","trial_index":3,"trial_type":"lure","card_configuration":{"top_cards_symbols":[{"top":21,"bottom":4},{"top":20,"bottom":2},{"top":1,"bottom":13}],"bottom_cards_symbols":[{"top":21,"bottom":4},{"top":2,"bottom":12}]},"response_time_duration_ms":638.0999999996275,"user_response_index":0,"correct_response_index":0,"quit_button_pressed":false},{"activity_begin_iso8601_timestamp":"2024-07-11T15:15:48.595Z","trial_begin_iso8601_timestamp":"2024-07-11T15:16:06.916Z","trial_end_iso8601_timestamp":"2024-07-11T15:16:06.933Z","trial_index":4,"trial_type":"lure","card_configuration":{"top_cards_symbols":[{"top":1,"bottom":13},{"top":7,"bottom":21},{"top":14,"bottom":20}],"bottom_cards_symbols":[{"top":14,"bottom":20},{"top":7,"bottom":18}]},"response_time_duration_ms":16.40000000037253,"user_response_index":1,"correct_response_index":0,"quit_button_pressed":false}]},{"studyId":"6687f32ac2db9efff4d31c66","cognitiveTaskId":"66880801c2db9efff4d5e093","userId":"668f0537c7c70cfc82e8c1ef","activityId":"e6e6cac8-430b-40b1-923b-436af80c94db","activityVersion":"0.8.12 (38470c49)","submissionSessionId":"763c8274-6b71-4ab6-a242-415e352277bd","triggerId":"668ed87e16e2fa2c4074677b","triggerTimestamp":"1720714892848","deviceOs":"android","deviceVersion":"34","appVersion":"4.2.0","deviceId":"668f0538d9adbf0ad48e5704","activityName":"Symbol Search","timeZoneMinutes":-300,"sessionId":"fcd0e17a-a816-4169-a29d-a13d3862df4d","date":"07/11/2024","time":"11:22:03","timestamp":1720714923582,"data":[{"activity_begin_iso8601_timestamp":"2024-07-11T16:21:45.709Z","trial_begin_iso8601_timestamp":"2024-07-11T16:22:00.121Z","trial_end_iso8601_timestamp":"2024-07-11T16:22:03.353Z","trial_index":0,"trial_type":"normal","card_configuration":{"top_cards_symbols":[{"top":13,"bottom":17},{"top":2,"bottom":12},{"top":18,"bottom":4}],"bottom_cards_symbols":[{"top":15,"bottom":7},{"top":2,"bottom":12}]},"response_time_duration_ms":3230.5,"user_response_index":1,"correct_response_index":1,"quit_button_pressed":false},{"activity_begin_iso8601_timestamp":"2024-07-11T16:21:45.709Z","trial_begin_iso8601_timestamp":"2024-07-11T16:22:03.862Z","trial_end_iso8601_timestamp":"2024-07-11T16:22:04.025Z","trial_index":1,"trial_type":"normal","card_configuration":{"top_cards_symbols":[{"top":14,"bottom":3},{"top":13,"bottom":4},{"top":8,"bottom":21}],"bottom_cards_symbols":[{"top":8,"bottom":21},{"top":12,"bottom":18}]},"response_time_duration_ms":162.90000000223517,"user_response_index":0,"correct_response_index":0,"quit_button_pressed":false},{"activity_begin_iso8601_timestamp":"2024-07-11T16:21:45.709Z","trial_begin_iso8601_timestamp":"2024-07-11T16:22:04.537Z","trial_end_iso8601_timestamp":"2024-07-11T16:22:04.860Z","trial_index":2,"trial_type":"lure","card_configuration":{"top_cards_symbols":[{"top":22,"bottom":23},{"top":16,"bottom":11},{"top":10,"bottom":17}],"bottom_cards_symbols":[{"top":10,"bottom":17},{"top":22,"bottom":6}]},"response_time_duration_ms":322.30000000074506,"user_response_index":0,"correct_response_index":0,"quit_button_pressed":false},{"activity_begin_iso8601_timestamp":"2024-07-11T16:21:45.709Z","trial_begin_iso8601_timestamp":"2024-07-11T16:22:05.371Z","trial_end_iso8601_timestamp":"2024-07-11T16:22:10.789Z","trial_index":3,"trial_type":"lure","card_configuration":{"top_cards_symbols":[{"top":22,"bottom":10},{"top":9,"bottom":23},{"top":6,"bottom":15}],"bottom_cards_symbols":[{"top":23,"bottom":18},{"top":6,"bottom":15}]},"response_time_duration_ms":5417.79999999702,"user_response_index":0,"correct_response_index":1,"quit_button_pressed":false},{"activity_begin_iso8601_timestamp":"2024-07-11T16:21:45.709Z","trial_begin_iso8601_timestamp":"2024-07-11T16:22:11.295Z","trial_end_iso8601_timestamp":"2024-07-11T16:22:21.214Z","trial_index":4,"trial_type":"lure","card_configuration":{"top_cards_symbols":[{"top":10,"bottom":6},{"top":11,"bottom":17},{"top":4,"bottom":9}],"bottom_cards_symbols":[{"top":4,"bottom":9},{"top":11,"bottom":14}]},"response_time_duration_ms":9918.599999997765,"user_response_index":0,"correct_response_index":0,"quit_button_pressed":false}]},{"studyId":"6687f32ac2db9efff4d31c66","cognitiveTaskId":"66880801c2db9efff4d5e093","userId":"668f0537c7c70cfc82e8c1ef","activityId":"535553fc-56e4-47bb-8959-bb1706b4e5bb","activityVersion":"0.8.12 (38470c49)","submissionSessionId":"a0983373-1a88-427c-8c3d-454ee1ff6bdd","triggerId":"668ed87e16e2fa2c4074677b","triggerTimestamp":"1720710719391","deviceOs":"android","deviceVersion":"34","appVersion":"4.2.0","deviceId":"668f0538d9adbf0ad48e5704","activityName":"Symbol Search","timeZoneMinutes":-300,"sessionId":"fde074c3-56f2-4f9d-8b50-da3e65ddd856","date":"07/11/2024","time":"10:12:45","timestamp":1720710765489,"data":[{"activity_begin_iso8601_timestamp":"2024-07-11T15:12:15.913Z","trial_begin_iso8601_timestamp":"2024-07-11T15:12:25.913Z","trial_end_iso8601_timestamp":"2024-07-11T15:12:45.156Z","trial_index":0,"trial_type":"normal","card_configuration":{"top_cards_symbols":[{"top":24,"bottom":10},{"top":7,"bottom":15},{"top":19,"bottom":21}],"bottom_cards_symbols":[{"top":19,"bottom":21},{"top":13,"bottom":9}]},"response_time_duration_ms":19242.099999999627,"user_response_index":1,"correct_response_index":0,"quit_button_pressed":false},{"activity_begin_iso8601_timestamp":"2024-07-11T15:12:15.913Z","trial_begin_iso8601_timestamp":"2024-07-11T15:12:45.670Z","trial_end_iso8601_timestamp":"2024-07-11T15:12:45.816Z","trial_index":1,"trial_type":"lure","card_configuration":{"top_cards_symbols":[{"top":3,"bottom":4},{"top":21,"bottom":14},{"top":9,"bottom":18}],"bottom_cards_symbols":[{"top":4,"bottom":24},{"top":21,"bottom":14}]},"response_time_duration_ms":145.5,"user_response_index":1,"correct_response_index":1,"quit_button_pressed":false},{"activity_begin_iso8601_timestamp":"2024-07-11T15:12:15.913Z","trial_begin_iso8601_timestamp":"2024-07-11T15:12:46.344Z","trial_end_iso8601_timestamp":"2024-07-11T15:12:46.511Z","trial_index":2,"trial_type":"lure","card_configuration":{"top_cards_symbols":[{"top":24,"bottom":15},{"top":16,"bottom":5},{"top":7,"bottom":23}],"bottom_cards_symbols":[{"top":15,"bottom":13},{"top":7,"bottom":23}]},"response_time_duration_ms":166.59999999962747,"user_response_index":0,"correct_response_index":1,"quit_button_pressed":false},{"activity_begin_iso8601_timestamp":"2024-07-11T15:12:15.913Z","trial_begin_iso8601_timestamp":"2024-07-11T15:12:47.019Z","trial_end_iso8601_timestamp":"2024-07-11T15:12:47.567Z","trial_index":3,"trial_type":"normal","card_configuration":{"top_cards_symbols":[{"top":11,"bottom":13},{"top":20,"bottom":12},{"top":14,"bottom":1}],"bottom_cards_symbols":[{"top":11,"bottom":13},{"top":8,"bottom":23}]},"response_time_duration_ms":547.7000000011176,"user_response_index":1,"correct_response_index":0,"quit_button_pressed":false},{"activity_begin_iso8601_timestamp":"2024-07-11T15:12:15.913Z","trial_begin_iso8601_timestamp":"2024-07-11T15:12:48.078Z","trial_end_iso8601_timestamp":"2024-07-11T15:12:48.124Z","trial_index":4,"trial_type":"lure","card_configuration":{"top_cards_symbols":[{"top":15,"bottom":8},{"top":6,"bottom":12},{"top":7,"bottom":13}],"bottom_cards_symbols":[{"top":15,"bottom":8},{"top":13,"bottom":14}]},"response_time_duration_ms":46.29999999888241,"user_response_index":0,"correct_response_index":0,"quit_button_pressed":false}]}]