[{"studyId":"6687f32ac2db9efff4d31c66","cognitiveTaskId":"66880801c2db9efff4d5e093","userId":"668eaa8c596e9abfbecf30b8","activityId":"4fac0197-1172-4b2c-85db-3ecb5d3d0f35","activityVersion":"0.8.12 (38470c49)","submissionSessionId":"d3259542-ef62-433a-991e-2ebd613cf20f","triggerId":"668c418850f86a98b069ba82","triggerTimestamp":"1720630890468","deviceOs":"android","deviceVersion":"34","appVersion":"4.2.0","deviceId":"668eaa8d596e9abfbecf30c3","activityName":"Symbol Search","timeZoneMinutes":-300,"sessionId":"fde2c85b-43dc-40b0-9405-55410e2dde64","date":"07/10/2024","time":"12:02:31","timestamp":1720630951229,"data":[{"activity_begin_iso8601_timestamp":"2024-07-10T17:02:17.255Z","trial_begin_iso8601_timestamp":"2024-07-10T17:02:30.333Z","trial_end_iso8601_timestamp":"2024-07-10T17:02:31.414Z","trial_index":0,"trial_type":"lure","card_configuration":{"top_cards_symbols":[{"top":13,"bottom":19},{"top":24,"bottom":15},{"top":14,"bottom":17}],"bottom_cards_symbols":[{"top":19,"bottom":20},{"top":14,"bottom":17}]},"response_time_duration_ms":1080.2999999523163,"user_response_index":0,"correct_response_index":1,"quit_button_pressed":false},{"activity_begin_iso8601_timestamp":"2024-07-10T17:02:17.255Z","trial_begin_iso8601_timestamp":"2024-07-10T17:02:31.925Z","trial_end_iso8601_timestamp":"2024-07-10T17:02:32.249Z","trial_index":1,"trial_type":"normal","card_configuration":{"top_cards_symbols":[{"top":20,"bottom":15},{"top":12,"bottom":3},{"top":23,"bottom":5}],"bottom_cards_symbols":[{"top":23,"bottom":5},{"top":4,"bottom":8}]},"response_time_duration_ms":323.30000019073486,"user_response_index":1,"correct_response_index":0,"quit_button_pressed":false},{"activity_begin_iso8601_timestamp":"2024-07-10T17:02:17.255Z","trial_begin_iso8601_timestamp":"2024-07-10T17:02:32.758Z","trial_end_iso8601_timestamp":"2024-07-10T17:02:33.008Z","trial_index":2,"trial_type":"lure","card_configuration":{"top_cards_symbols":[{"top":6,"bottom":13},{"top":17,"bottom":7},{"top":15,"bottom":2}],"bottom_cards_symbols":[{"top":17,"bottom":16},{"top":15,"bottom":2}]},"response_time_duration_ms":249.09999990463257,"user_response_index":0,"correct_response_index":1,"quit_button_pressed":false},{"activity_begin_iso8601_timestamp":"2024-07-10T17:02:17.255Z","trial_begin_iso8601_timestamp":"2024-07-10T17:02:33.517Z","trial_end_iso8601_timestamp":"2024-07-10T17:02:33.747Z","trial_index":3,"trial_type":"lure","card_configuration":{"top_cards_symbols":[{"top":23,"bottom":9},{"top":3,"bottom":16},{"top":19,"bottom":11}],"bottom_cards_symbols":[{"top":3,"bottom":16},{"top":23,"bottom":12}]},"response_time_duration_ms":229.19999980926514,"user_response_index":1,"correct_response_index":0,"quit_button_pressed":false},{"activity_begin_iso8601_timestamp":"2024-07-10T17:02:17.255Z","trial_begin_iso8601_timestamp":"2024-07-10T17:02:34.259Z","trial_end_iso8601_timestamp":"2024-07-10T17:02:34.484Z","trial_index":4,"trial_type":"normal","card_configuration":{"top_cards_symbols":[{"top":18,"bottom":15},{"top":22,"bottom":6},{"top":13,"bottom":14}],"bottom_cards_symbols":[{"top":13,"bottom":14},{"top":10,"bottom":2}]},"response_time_duration_ms":225.09999990463257,"user_response_index":0,"correct_response_index":0,"quit_button_pressed":false}]},{"studyId":"6687f32ac2db9efff4d31c66","cognitiveTaskId":"66880801c2db9efff4d5e093","userId":"668eaa8c596e9abfbecf30b8","activityId":"033a2843-5334-4e7c-9057-e6251547e40b","activityVersion":"0.8.12 (38470c49)","submissionSessionId":"22c12aa2-b61e-4d30-8348-3461f286c242","triggerId":"668ed87e16e2fa2c4074677b","triggerTimestamp":"1720637643961","deviceOs":"android","deviceVersion":"34","appVersion":"4.2.0","deviceId":"668eaa8d596e9abfbecf30c3","activityName":"Symbol Search","timeZoneMinutes":-300,"sessionId":"0e22e130-4ad2-47c3-9d2a-ace6cd2a64a7","date":"07/10/2024","time":"13:54:29","timestamp":1720637669545,"data":[{"activity_begin_iso8601_timestamp":"2024-07-10T18:54:23.645Z","trial_begin_iso8601_timestamp":null,"trial_end_iso8601_timestamp":null,"trial_index":null,"trial_type":null,"card_configuration":null,"response_time_duration_ms":null,"user_response_index":null,"correct_response_index":null,"quit_button_pressed":true}]},{"studyId":"6687f32ac2db9efff4d31c66","cognitiveTaskId":"66880801c2db9efff4d5e093","userId":"668eaa8c596e9abfbecf30b8","activityId":"f623ea01-51c3-4cbe-afff-92a3be7026da","activityVersion":"0.8.12 (38470c49)","submissionSessionId":"224f578c-10d0-48b1-92b0-eb9d59f1408b","triggerId":"668ed87e16e2fa2c4074677b","triggerTimestamp":"1720637878567","deviceOs":"android","deviceVersion":"34","appVersion":"4.2.0","deviceId":"668eaa8d596e9abfbecf30c3","activityName":"Symbol Search","timeZoneMinutes":-300,"sessionId":"4c7fbec1-0b91-48e1-9cc7-9b001e5beda4","date":"07/10/2024","time":"13:59:25","timestamp":1720637965961,"data":[{"activity_begin_iso8601_timestamp":"2024-07-10T18:59:19.564Z","trial_begin_iso8601_timestamp":"2024-07-10T18:59:25.984Z","trial_end_iso8601_timestamp":"2024-07-10T18:59:26.294Z","trial_index":0,"trial_type":"normal","card_configuration":{"top_cards_symbols":[{"top":3,"bottom":9},{"top":22,"bottom":15},{"top":19,"bottom":21}],"bottom_cards_symbols":[{"top":18,"bottom":24},{"top":19,"bottom":21}]},"response_time_duration_ms":309.09999990463257,"user_response_index":1,"correct_response_index":1,"quit_button_pressed":false},{"activity_begin_iso8601_timestamp":"2024-07-10T18:59:19.564Z","trial_begin_iso8601_timestamp":"2024-07-10T18:59:26.810Z","trial_end_iso8601_timestamp":"2024-07-10T18:59:26.947Z","trial_index":1,"trial_type":"lure","card_configuration":{"top_cards_symbols":[{"top":20,"bottom":5},{"top":15,"bottom":17},{"top":21,"bottom":14}],"bottom_cards_symbols":[{"top":20,"bottom":5},{"top":14,"bottom":6}]},"response_time_duration_ms":137.20000004768372,"user_response_index":1,"correct_response_index":0,"quit_button_pressed":false},{"activity_begin_iso8601_timestamp":"2024-07-10T18:59:19.564Z","trial_begin_iso8601_timestamp":"2024-07-10T18:59:27.459Z","trial_end_iso8601_timestamp":"2024-07-10T18:59:27.524Z","trial_index":2,"trial_type":"lure","card_configuration":{"top_cards_symbols":[{"top":22,"bottom":21},{"top":14,"bottom":18},{"top":16,"bottom":1}],"bottom_cards_symbols":[{"top":18,"bottom":19},{"top":22,"bottom":21}]},"response_time_duration_ms":64.5,"user_response_index":1,"correct_response_index":1,"quit_button_pressed":false},{"activity_begin_iso8601_timestamp":"2024-07-10T18:59:19.564Z","trial_begin_iso8601_timestamp":"2024-07-10T18:59:28.034Z","trial_end_iso8601_timestamp":"2024-07-10T18:59:28.073Z","trial_index":3,"trial_type":"normal","card_configuration":{"top_cards_symbols":[{"top":24,"bottom":16},{"top":12,"bottom":23},{"top":10,"bottom":6}],"bottom_cards_symbols":[{"top":10,"bottom":6},{"top":20,"bottom":19}]},"response_time_duration_ms":39.40000009536743,"user_response_index":1,"correct_response_index":0,"quit_button_pressed":false},{"activity_begin_iso8601_timestamp":"2024-07-10T18:59:19.564Z","trial_begin_iso8601_timestamp":"2024-07-10T18:59:28.584Z","trial_end_iso8601_timestamp":"2024-07-10T18:59:28.639Z","trial_index":4,"trial_type":"lure","card_configuration":{"top_cards_symbols":[{"top":11,"bottom":15},{"top":12,"bottom":1},{"top":19,"bottom":2}],"bottom_cards_symbols":[{"top":12,"bottom":1},{"top":19,"bottom":13}]},"response_time_duration_ms":54.5,"user_response_index":1,"correct_response_index":0,"quit_button_pressed":false}]}]