[{"studyId":"6687f32ac2db9efff4d31c66","cognitiveTaskId":"668ed63c16e2fa2c407452da","userId":"668eaa8c596e9abfbecf30b8","activityId":"2bbb883d-28da-4294-90f7-61106a104ac7","activityVersion":"0.8.12 (38470c49)","submissionSessionId":"22c12aa2-b61e-4d30-8348-3461f286c242","triggerId":"668ed87e16e2fa2c4074677b","triggerTimestamp":"1720637643961","deviceOs":"android","deviceVersion":"34","appVersion":"4.2.0","deviceId":"668eaa8d596e9abfbecf30c3","activityName":"Grid Memory","timeZoneMinutes":-300,"sessionId":"9436abfe-a6f6-4aa0-b81e-f6d04c6c762c","date":"07/10/2024","time":"13:54:52","timestamp":1720637692784,"data":[{"activity_begin_iso8601_timestamp":"2024-07-10T18:54:35.347Z","trial_begin_iso8601_timestamp":"2024-07-10T18:54:38.809Z","trial_end_iso8601_timestamp":"2024-07-10T18:54:53.102Z","trial_index":0,"response_time_duration_ms":1745.5,"presented_cells":[{"row":0,"column":3},{"row":2,"column":4},{"row":3,"column":3}],"selected_cells":[{"row":4,"column":2},{"row":1,"column":1},{"row":2,"column":4}],"user_dot_actions":[{"elapsed_duration_ms":682.0999999046326,"action_type":"placed","cell":{"row":4,"column":2,"tap_x":52.9920654296875,"tap_y":8.039713541666666}},{"elapsed_duration_ms":836.3999998569489,"action_type":"placed","cell":{"row":1,"column":1,"tap_x":33.373016357421875,"tap_y":23.087300618489582}},{"elapsed_duration_ms":954.5,"action_type":"placed","cell":{"row":2,"column":4,"tap_x":55.27783203125,"tap_y":40.0396728515625}},{"elapsed_duration_ms":1745.5,"action_type":"done","cell":null}],"user_interference_actions":[{"elapsed_duration_ms":1018.2999999523163,"action_type":"on-target","cell":{"row":6,"column":3,"tap_x":36.80161539713542,"tap_y":10.0396728515625}},{"elapsed_duration_ms":1421.8999998569489,"action_type":"on-target","cell":{"row":7,"column":1,"tap_x":26.515879313151043,"tap_y":31.563517252604168}},{"elapsed_duration_ms":1912.8999998569489,"action_type":"on-target","cell":{"row":2,"column":1,"tap_x":29.944447835286457,"tap_y":26.039693196614582}},{"elapsed_duration_ms":2203.699999809265,"action_type":"on-target","cell":{"row":2,"column":0,"tap_x":2.3253987630208335,"tap_y":17.658732096354164}},{"elapsed_duration_ms":3256.0999999046326,"action_type":"off-target","cell":{"row":2,"column":2,"tap_x":48.420633951822914,"tap_y":10.420633951822916}},{"elapsed_duration_ms":3675.5999999046326,"action_type":"on-target","cell":{"row":1,"column":2,"tap_x":52.611124674479164,"tap_y":28.134928385416664}},{"elapsed_duration_ms":5002.799999952316,"action_type":"on-target","cell":{"row":3,"column":0,"tap_x":36.611114501953125,"tap_y":35.7540283203125}},{"elapsed_duration_ms":5450,"action_type":"on-target","cell":{"row":7,"column":0,"tap_x":32.039683024088546,"tap_y":20.8968505859375}},{"elapsed_duration_ms":5913.699999809265,"action_type":"on-target","cell":{"row":7,"column":4,"tap_x":21.373026529947918,"tap_y":44.515869140625}},{"elapsed_duration_ms":6386.5,"action_type":"on-target","cell":{"row":6,"column":3,"tap_x":34.13492838541667,"tap_y":20.325398763020836}},{"elapsed_duration_ms":6645.699999809265,"action_type":"off-target","cell":{"row":6,"column":1,"tap_x":53.18254597981771,"tap_y":57.277791341145836}},{"elapsed_duration_ms":7445.199999809265,"action_type":"on-target","cell":{"row":6,"column":2,"tap_x":27.087300618489582,"tap_y":26.420654296875}}],"number_of_correct_dots":1,"quit_button_pressed":false},{"activity_begin_iso8601_timestamp":"2024-07-10T18:54:35.347Z","trial_begin_iso8601_timestamp":"2024-07-10T18:54:53.111Z","trial_end_iso8601_timestamp":"2024-07-10T18:55:07.593Z","trial_index":1,"response_time_duration_ms":1937,"presented_cells":[{"row":4,"column":0},{"row":2,"column":3},{"row":3,"column":4}],"selected_cells":[{"row":2,"column":2},{"row":2,"column":1},{"row":3,"column":2}],"user_dot_actions":[{"elapsed_duration_ms":729.2999999523163,"action_type":"placed","cell":{"row":2,"column":2,"tap_x":17.9444580078125,"tap_y":19.46826171875}},{"elapsed_duration_ms":929.5,"action_type":"placed","cell":{"row":2,"column":1,"tap_x":50.134928385416664,"tap_y":41.563517252604164}},{"elapsed_duration_ms":1399,"action_type":"placed","cell":{"row":3,"column":2,"tap_x":57.9444580078125,"tap_y":51.277791341145836}},{"elapsed_duration_ms":1937,"action_type":"done","cell":null}],"user_interference_actions":[{"elapsed_duration_ms":1972.9000000953674,"action_type":"on-target","cell":{"row":1,"column":0,"tap_x":6.8968251546223955,"tap_y":30.801595052083332}},{"elapsed_duration_ms":2447.9000000953674,"action_type":"on-target","cell":{"row":0,"column":1,"tap_x":17.753997802734375,"tap_y":30.23016357421875}},{"elapsed_duration_ms":2831.4000000953674,"action_type":"off-target","cell":{"row":3,"column":4,"tap_x":9.944478352864584,"tap_y":4.515869140625}},{"elapsed_duration_ms":2916.2000000476837,"action_type":"off-target","cell":{"row":3,"column":2,"tap_x":5.754007975260417,"tap_y":55.563517252604164}},{"elapsed_duration_ms":3062.4000000953674,"action_type":"off-target","cell":{"row":2,"column":4,"tap_x":17.182535807291664,"tap_y":48.134928385416664}},{"elapsed_duration_ms":3220.600000143051,"action_type":"on-target","cell":{"row":5,"column":1,"tap_x":37.182545979817704,"tap_y":17.46826171875}},{"elapsed_duration_ms":3396.100000143051,"action_type":"off-target","cell":{"row":3,"column":3,"tap_x":57.75396728515625,"tap_y":39.9444580078125}},{"elapsed_duration_ms":3971.9000000953674,"action_type":"on-target","cell":{"row":2,"column":3,"tap_x":37.56349690755208,"tap_y":21.087300618489586}},{"elapsed_duration_ms":4340.799999952316,"action_type":"off-target","cell":{"row":6,"column":3,"tap_x":42.515869140625,"tap_y":2.0396728515625}},{"elapsed_duration_ms":4832.600000143051,"action_type":"on-target","cell":{"row":4,"column":3,"tap_x":44.039693196614586,"tap_y":37.84920247395833}},{"elapsed_duration_ms":5447.299999952316,"action_type":"off-target","cell":{"row":6,"column":3,"tap_x":50.896830240885414,"tap_y":58.03971354166667}},{"elapsed_duration_ms":5866.299999952316,"action_type":"on-target","cell":{"row":7,"column":0,"tap_x":51.087320963541664,"tap_y":34.61112467447917}},{"elapsed_duration_ms":6492.100000143051,"action_type":"on-target","cell":{"row":4,"column":3,"tap_x":54.325398763020836,"tap_y":37.087361653645836}},{"elapsed_duration_ms":7035.900000095367,"action_type":"on-target","cell":{"row":1,"column":1,"tap_x":15.849212646484377,"tap_y":23.18255615234375}},{"elapsed_duration_ms":7297.200000047684,"action_type":"on-target","cell":{"row":2,"column":1,"tap_x":28.801584879557293,"tap_y":45.84920247395833}},{"elapsed_duration_ms":7715.799999952316,"action_type":"on-target","cell":{"row":2,"column":3,"tap_x":49.75396728515625,"tap_y":27.563496907552082}}],"number_of_correct_dots":0,"quit_button_pressed":false},{"activity_begin_iso8601_timestamp":"2024-07-10T18:54:35.347Z","trial_begin_iso8601_timestamp":"2024-07-10T18:55:07.604Z","trial_end_iso8601_timestamp":"2024-07-10T18:55:23.483Z","trial_index":2,"response_time_duration_ms":3337.9000000953674,"presented_cells":[{"row":1,"column":3},{"row":4,"column":3},{"row":2,"column":0}],"selected_cells":[{"row":2,"column":0},{"row":1,"column":1},{"row":3,"column":3}],"user_dot_actions":[{"elapsed_duration_ms":1495.9000000953674,"action_type":"placed","cell":{"row":2,"column":0,"tap_x":47.27778116861979,"tap_y":50.706339518229164}},{"elapsed_duration_ms":1840.4000000953674,"action_type":"placed","cell":{"row":1,"column":1,"tap_x":52.42066446940104,"tap_y":0.9920654296875001}},{"elapsed_duration_ms":2297.2999999523163,"action_type":"placed","cell":{"row":3,"column":3,"tap_x":2.515869140625,"tap_y":53.9444580078125}},{"elapsed_duration_ms":3337.9000000953674,"action_type":"done","cell":null}],"user_interference_actions":[],"number_of_correct_dots":1,"quit_button_pressed":false},{"activity_begin_iso8601_timestamp":"2024-07-10T18:54:35.347Z","trial_begin_iso8601_timestamp":"2024-07-10T18:55:23.489Z","trial_end_iso8601_timestamp":"2024-07-10T18:55:37.970Z","trial_index":3,"response_time_duration_ms":1923.8000001907349,"presented_cells":[{"row":3,"column":0},{"row":3,"column":4},{"row":0,"column":3}],"selected_cells":[{"row":3,"column":1},{"row":0,"column":1},{"row":3,"column":3}],"user_dot_actions":[{"elapsed_duration_ms":781.4000000953674,"action_type":"placed","cell":{"row":3,"column":1,"tap_x":9.373016357421875,"tap_y":7.468261718750001}},{"elapsed_duration_ms":1045.1000001430511,"action_type":"placed","cell":{"row":0,"column":1,"tap_x":16.611114501953125,"tap_y":55.65873209635417}},{"elapsed_duration_ms":1367.8000001907349,"action_type":"placed","cell":{"row":3,"column":3,"tap_x":19.658732096354168,"tap_y":16.230183919270832}},{"elapsed_duration_ms":1923.8000001907349,"action_type":"done","cell":null}],"user_interference_actions":[{"elapsed_duration_ms":2095.7999999523163,"action_type":"off-target","cell":{"row":2,"column":0,"tap_x":35.849212646484375,"tap_y":57.658732096354164}},{"elapsed_duration_ms":2512.2999999523163,"action_type":"on-target","cell":{"row":0,"column":0,"tap_x":11.468256632486979,"tap_y":5.087300618489583}},{"elapsed_duration_ms":2912.2999999523163,"action_type":"on-target","cell":{"row":0,"column":1,"tap_x":19.65875244140625,"tap_y":10.801595052083332}},{"elapsed_duration_ms":3362.7000000476837,"action_type":"on-target","cell":{"row":0,"column":4,"tap_x":26.70635986328125,"tap_y":21.087300618489586}},{"elapsed_duration_ms":5320.5,"action_type":"on-target","cell":{"row":3,"column":0,"tap_x":28.611114501953125,"tap_y":11.753987630208332}},{"elapsed_duration_ms":5683.200000047684,"action_type":"on-target","cell":{"row":4,"column":1,"tap_x":42.134928385416664,"tap_y":38.611124674479164}},{"elapsed_duration_ms":7039,"action_type":"on-target","cell":{"row":2,"column":1,"tap_x":30.70634969075521,"tap_y":30.611124674479168}},{"elapsed_duration_ms":8130,"action_type":"on-target","cell":{"row":6,"column":0,"tap_x":22.51587422688802,"tap_y":24.8968505859375}}],"number_of_correct_dots":0,"quit_button_pressed":false}]}]